{"acc_train": 0.802734375, "acc_test": 0.7705078125, "_timestamp": 1659033538, "_runtime": 15, "_step": 2762, "_wandb": {"runtime": 14}}