{"acc_train": 0.9189453125, "acc_test": 0.9462890625, "_timestamp": 1659033402, "_runtime": 42, "_step": 9999, "_wandb": {"runtime": 42}}