{"acc_train": 0.818359375, "acc_test": 0.8564453125, "_timestamp": 1659035389, "_runtime": 29, "_step": 7712}