{"loss": 1.5001041889190674, "_timestamp": 1659034274, "_runtime": 726, "_step": 150933, "acc_train": 0.9609375, "acc_test": 0.966796875}