{"acc_train": 0.9306640625, "acc_test": 0.904296875, "_timestamp": 1659033519, "_runtime": 61, "_step": 9999, "_wandb": {"runtime": 60}}